{
  "lookback": 12,
  "n_features": 2,
  "n_total_months": 52,
  "n_train_months": 40,
  "n_val_months": 12,
  "loss_history": [
    0.31746843457221985,
    0.2154143899679184,
    0.13147282600402832,
    0.09005844593048096,
    0.061044346541166306,
    0.07602895051240921,
    0.08164141327142715,
    0.07388509064912796,
    0.06087150424718857,
    0.06133952736854553,
    0.06262165307998657,
    0.05916811153292656,
    0.05505349859595299,
    0.05332977697253227
  ],
  "val_loss_history": [
    0.14679066836833954,
    0.09670531004667282,
    0.05611880123615265,
    0.023220792412757874,
    0.005667689722031355,
    0.001289255334995687,
    0.0027302277740091085,
    0.008480401709675789,
    0.01560987625271082,
    0.02196691744029522,
    0.024464353919029236,
    0.0210811048746109,
    0.015819067135453224,
    0.010535520501434803
  ],
  "val_mae": 76.25077056884766,
  "val_rmse": 93.64337921142578,
  "val_mape": 1.083096582442522,
  "date_mode": "synthetic_weekly",
  "generated_at": "2025-12-16T02:14:26.433188+00:00",
  "input_path": "H:\\aspyr_project\\Assignment-3-ML-Sales_Transactions_Dataset_Weekly.csv",
  "saved_model_dir": "H:\\aspyr_project\\model_dir\\lstm_saved_model",
  "scaler_path": "H:\\aspyr_project\\model_dir\\scaler.pkl"
}